,Word
0,abed
1,abet
2,able
3,ably
4,abut
5,acai
6,aced
7,aces
8,ache
9,achy
10,acid
11,acme
12,acne
13,acre
14,acts
15,adds
16,adit
17,adze
18,aeon
19,afar
20,afro
21,agar
22,aged
23,ages
24,agog
25,ague
26,ahem
27,aide
28,aids
29,ails
30,aims
31,airs
32,airy
33,ajar
34,akin
35,alar
36,alas
37,ales
38,alga
39,ally
40,alms
41,aloe
42,also
43,alto
44,alum
45,ambo
46,amen
47,amid
48,ammo
49,amok
50,amps
51,amyl
52,ands
53,anew
54,ankh
55,anna
56,anon
57,anti
58,ants
59,apes
60,apex
61,apps
62,apse
63,aqua
64,arch
65,arcs
66,area
67,aria
68,arid
69,aril
70,arks
71,arms
72,army
73,arse
74,arts
75,arty
76,arum
77,aryl
78,ashy
79,asks
80,atom
81,atop
82,aunt
83,aura
84,auto
85,aver
86,avid
87,avow
88,away
89,awed
90,awes
91,awls
92,awry
93,axed
94,axel
95,axes
96,axil
97,axis
98,axle
99,axon
100,baba
101,babe
102,baby
103,bach
104,back
105,bade
106,bads
107,bags
108,baht
109,bail
110,bait
111,bake
112,bald
113,bale
114,balk
115,ball
116,balm
117,band
118,bane
119,bang
120,bank
121,bans
122,barb
123,bard
124,bare
125,barf
126,bark
127,barn
128,bars
129,base
130,bash
131,bask
132,bass
133,bast
134,bath
135,bats
136,batt
137,baud
138,bawl
139,bays
140,bead
141,beak
142,beam
143,bean
144,bear
145,beat
146,beau
147,beck
148,beds
149,beef
150,been
151,beep
152,beer
153,bees
154,beet
155,begs
156,bell
157,belt
158,bend
159,bent
160,berg
161,berm
162,best
163,beta
164,bets
165,bevy
166,beys
167,bias
168,bibb
169,bibs
170,bide
171,bids
172,bier
173,biff
174,bike
175,bile
176,bilk
177,bill
178,bind
179,bint
180,bios
181,bird
182,bite
183,bits
184,blab
185,blah
186,bleb
187,bled
188,blew
189,blip
190,blob
191,bloc
192,blog
193,blot
194,blow
195,blue
196,blur
197,boar
198,boas
199,boat
200,bobs
201,bode
202,bods
203,body
204,bogs
205,bogy
206,boil
207,bola
208,bold
209,bole
210,boll
211,bolo
212,bolt
213,bomb
214,bond
215,bone
216,bong
217,bonk
218,bony
219,boob
220,book
221,boom
222,boon
223,boor
224,boos
225,boot
226,bore
227,born
228,boss
229,both
230,bots
231,bout
232,bowl
233,bows
234,boxy
235,boyo
236,boys
237,bozo
238,brad
239,brag
240,bran
241,bras
242,brat
243,bray
244,bred
245,brew
246,brie
247,brig
248,brim
249,brio
250,bris
251,brit
252,bros
253,brow
254,buck
255,buds
256,buff
257,bugs
258,bulb
259,bulk
260,bull
261,bump
262,bums
263,bund
264,bung
265,bunk
266,buns
267,bunt
268,buoy
269,burb
270,burg
271,burl
272,burn
273,burp
274,burr
275,bury
276,bush
277,busk
278,buss
279,bust
280,busy
281,butt
282,buys
283,buzz
284,byes
285,byre
286,byte
287,cabs
288,cads
289,cafe
290,caff
291,cage
292,cake
293,calf
294,call
295,calm
296,came
297,cami
298,camo
299,camp
300,cams
301,cane
302,cans
303,cape
304,capo
305,caps
306,carb
307,card
308,care
309,carp
310,carr
311,cars
312,cart
313,case
314,cash
315,cask
316,cast
317,cats
318,caul
319,cava
320,cave
321,cavy
322,caws
323,cays
324,cede
325,cell
326,cels
327,celt
328,cent
329,cess
330,chad
331,chai
332,chap
333,char
334,chat
335,chef
336,chew
337,chic
338,chin
339,chip
340,chit
341,chop
342,chow
343,chub
344,chug
345,chum
346,ciao
347,cite
348,city
349,clad
350,clam
351,clan
352,clap
353,claw
354,clay
355,clef
356,clip
357,clod
358,clog
359,clop
360,clot
361,club
362,clue
363,coal
364,coat
365,coax
366,cobs
367,coca
368,cock
369,coco
370,coda
371,code
372,cods
373,coed
374,cogs
375,coho
376,coif
377,coil
378,coin
379,coir
380,coke
381,cola
382,cold
383,cole
384,colt
385,coma
386,comb
387,come
388,comp
389,cone
390,conk
391,conn
392,cons
393,cook
394,cool
395,coop
396,coos
397,coot
398,cope
399,cops
400,copy
401,cord
402,core
403,cork
404,corm
405,corn
406,cosh
407,cost
408,cosy
409,cote
410,cots
411,coup
412,cove
413,cowl
414,cows
415,cozy
416,crab
417,crag
418,cram
419,crap
420,craw
421,crew
422,crib
423,crit
424,croc
425,crop
426,crow
427,crud
428,crus
429,crux
430,cube
431,cubs
432,cuds
433,cued
434,cues
435,cuff
436,cull
437,culm
438,cult
439,cups
440,curb
441,curd
442,cure
443,curl
444,curs
445,curt
446,cusp
447,cuss
448,cute
449,cuts
450,cyan
451,cyst
452,czar
453,dabs
454,dace
455,dada
456,dado
457,dads
458,daft
459,dais
460,dale
461,dame
462,damn
463,damp
464,dams
465,dank
466,dare
467,dark
468,darn
469,dart
470,dash
471,data
472,date
473,daub
474,dawn
475,days
476,daze
477,dead
478,deaf
479,deal
480,dean
481,dear
482,debt
483,deck
484,deed
485,deem
486,deep
487,deer
488,deft
489,defy
490,deke
491,deli
492,dell
493,delt
494,demo
495,dens
496,dent
497,deny
498,derm
499,desk
500,dews
501,dewy
502,dhal
503,dhow
504,dial
505,dice
506,died
507,dies
508,diet
509,digs
510,dike
511,dill
512,dime
513,dims
514,dine
515,ding
516,dink
517,dino
518,dint
519,dips
520,dire
521,dirt
522,disc
523,dish
524,disk
525,diss
526,diva
527,dive
528,dock
529,docs
530,dodo
531,doer
532,does
533,doff
534,doge
535,dogs
536,dojo
537,dole
538,doll
539,dolt
540,dome
541,done
542,dong
543,doom
544,door
545,dope
546,dork
547,dorm
548,dory
549,dosa
550,dose
551,dote
552,doth
553,dots
554,dour
555,dove
556,down
557,doxy
558,doze
559,dozy
560,drab
561,drag
562,dram
563,draw
564,dray
565,drew
566,drip
567,drop
568,drug
569,drum
570,drys
571,dual
572,dubs
573,duck
574,duct
575,dude
576,duds
577,duel
578,dues
579,duet
580,duff
581,dugs
582,duke
583,dull
584,duly
585,dumb
586,dump
587,dune
588,dung
589,dunk
590,duns
591,duos
592,dupe
593,dura
594,dusk
595,dust
596,duty
597,dyad
598,dyed
599,dyer
600,dyes
601,dyke
602,each
603,earl
604,earn
605,ears
606,ease
607,east
608,easy
609,eats
610,eave
611,ebbs
612,echo
613,ecru
614,eddy
615,edge
616,edgy
617,edit
618,eels
619,eggs
620,eggy
621,egos
622,ekes
623,elan
624,elks
625,ells
626,elms
627,else
628,emic
629,emir
630,emit
631,emmy
632,emus
633,ends
634,envy
635,eons
636,epee
637,epic
638,eras
639,ergs
640,errs
641,eruv
642,etas
643,etch
644,euro
645,even
646,ever
647,eves
648,evil
649,ewer
650,ewes
651,exam
652,exec
653,exit
654,exon
655,expo
656,eyed
657,eyes
658,fabs
659,face
660,fact
661,fade
662,fado
663,fads
664,fail
665,fain
666,fair
667,fake
668,fall
669,fame
670,fang
671,fans
672,fare
673,farm
674,faro
675,fart
676,fast
677,fate
678,fats
679,faun
680,fava
681,fave
682,fawn
683,faze
684,fear
685,feat
686,feck
687,feed
688,feel
689,fees
690,feet
691,fell
692,felt
693,fend
694,fens
695,fern
696,fess
697,fest
698,feta
699,fete
700,feud
701,fiat
702,fibs
703,fief
704,fife
705,figs
706,file
707,fill
708,film
709,filo
710,find
711,fine
712,fink
713,fins
714,fire
715,firm
716,firs
717,fish
718,fist
719,fits
720,five
721,fizz
722,flab
723,flag
724,flak
725,flam
726,flan
727,flap
728,flat
729,flaw
730,flax
731,flay
732,flea
733,fled
734,flee
735,flew
736,flex
737,flip
738,flit
739,floc
740,floe
741,flog
742,flop
743,flow
744,flub
745,flue
746,flus
747,flux
748,foal
749,foam
750,fobs
751,foci
752,foes
753,fogs
754,fogy
755,foil
756,fold
757,folk
758,fond
759,font
760,food
761,fool
762,foot
763,fops
764,ford
765,fore
766,fork
767,form
768,fort
769,foul
770,four
771,fowl
772,foxy
773,frag
774,frat
775,fray
776,free
777,fret
778,frig
779,frog
780,from
781,fuel
782,fugu
783,full
784,fume
785,fund
786,funk
787,furl
788,furs
789,fury
790,fuse
791,fuss
792,futz
793,fuzz
794,gaff
795,gage
796,gags
797,gain
798,gait
799,gala
800,gale
801,gall
802,gals
803,game
804,gams
805,gang
806,gaol
807,gape
808,gaps
809,garb
810,gash
811,gasp
812,gate
813,gave
814,gawk
815,gawp
816,gays
817,gaze
818,gear
819,geek
820,gees
821,gels
822,gelt
823,gems
824,gene
825,gens
826,gent
827,genu
828,germ
829,geta
830,gets
831,ghat
832,ghee
833,gibe
834,gift
835,gigs
836,gild
837,gill
838,gilt
839,gimp
840,gins
841,gird
842,girl
843,girt
844,gist
845,gite
846,gits
847,give
848,glad
849,glam
850,glee
851,glen
852,glia
853,glib
854,glob
855,glom
856,glop
857,glow
858,glue
859,glug
860,glum
861,glut
862,gnar
863,gnat
864,gnaw
865,gnus
866,goad
867,goal
868,goat
869,gobs
870,goby
871,gods
872,goer
873,goes
874,gold
875,golf
876,gone
877,gong
878,good
879,goof
880,gook
881,goon
882,goop
883,goos
884,gore
885,gory
886,gosh
887,goth
888,gout
889,gown
890,goys
891,grab
892,grad
893,gram
894,gran
895,gray
896,gree
897,grew
898,grey
899,grid
900,grim
901,grin
902,grip
903,grit
904,grog
905,grow
906,grub
907,grue
908,guar
909,guff
910,gulf
911,gull
912,gulp
913,gums
914,gunk
915,guns
916,guru
917,gush
918,gust
919,guts
920,guys
921,gyms
922,gyre
923,gyro
924,hack
925,haft
926,hags
927,hail
928,hair
929,hajj
930,hake
931,half
932,hall
933,halo
934,halt
935,hams
936,hand
937,hang
938,hank
939,haps
940,hard
941,hare
942,hark
943,harm
944,harp
945,hart
946,hash
947,hasp
948,hate
949,hath
950,hats
951,haul
952,have
953,hawk
954,haws
955,hays
956,haze
957,hazy
958,head
959,heal
960,heap
961,hear
962,heat
963,heck
964,heed
965,heel
966,heft
967,heir
968,held
969,hell
970,helm
971,helo
972,help
973,heme
974,hemp
975,hems
976,hens
977,herb
978,herd
979,here
980,hero
981,hers
982,hewn
983,hews
984,hick
985,hide
986,hied
987,high
988,hike
989,hill
990,hilt
991,hind
992,hint
993,hips
994,hire
995,hiss
996,hits
997,hive
998,hiya
999,hoar
1000,hoax
1001,hobo
1002,hock
1003,hoed
1004,hoes
1005,hogs
1006,hold
1007,hole
1008,holo
1009,holt
1010,holy
1011,home
1012,hone
1013,hong
1014,honk
1015,hood
1016,hoof
1017,hook
1018,hoop
1019,hoot
1020,hope
1021,hops
1022,hora
1023,horn
1024,hose
1025,host
1026,hour
1027,hove
1028,howl
1029,hubs
1030,huck
1031,hued
1032,hues
1033,huff
1034,huge
1035,hugs
1036,hula
1037,hulk
1038,hull
1039,hump
1040,hums
1041,hung
1042,hunk
1043,hunt
1044,hurl
1045,hurt
1046,hush
1047,husk
1048,huts
1049,hymn
1050,hype
1051,hypo
1052,ibex
1053,ibis
1054,iced
1055,ices
1056,icky
1057,icon
1058,idea
1059,idle
1060,idly
1061,idol
1062,iffy
1063,ikat
1064,ikon
1065,ills
1066,imam
1067,imps
1068,inch
1069,info
1070,inks
1071,inky
1072,inns
1073,into
1074,ions
1075,iota
1076,iris
1077,irks
1078,iron
1079,isle
1080,isms
1081,itch
1082,item
1083,jabs
1084,jack
1085,jade
1086,jail
1087,jake
1088,jamb
1089,jams
1090,jape
1091,jars
1092,java
1093,jaws
1094,jays
1095,jazz
1096,jean
1097,jeep
1098,jeer
1099,jeez
1100,jefe
1101,jell
1102,jerk
1103,jest
1104,jets
1105,jibe
1106,jibs
1107,jigs
1108,jilt
1109,jink
1110,jinn
1111,jinx
1112,jive
1113,jobs
1114,jock
1115,joey
1116,jogs
1117,john
1118,join
1119,joke
1120,jolt
1121,josh
1122,jots
1123,jowl
1124,joys
1125,judo
1126,judy
1127,jugs
1128,juju
1129,juke
1130,jump
1131,junk
1132,jury
1133,just
1134,jute
1135,juts
1136,kaka
1137,kale
1138,kami
1139,kart
1140,kata
1141,kava
1142,keel
1143,keen
1144,keep
1145,kegs
1146,kelp
1147,kept
1148,kerb
1149,kerf
1150,keto
1151,keys
1152,khan
1153,khat
1154,kick
1155,kids
1156,kill
1157,kiln
1158,kilo
1159,kilt
1160,kind
1161,king
1162,kips
1163,kiss
1164,kite
1165,kith
1166,kits
1167,kiva
1168,kiwi
1169,knee
1170,knew
1171,knit
1172,knob
1173,knot
1174,know
1175,koan
1176,kohl
1177,koji
1178,kola
1179,kook
1180,kora
1181,koto
1182,kudu
1183,labs
1184,lace
1185,lack
1186,lacy
1187,lads
1188,lady
1189,lags
1190,laid
1191,lain
1192,lair
1193,lake
1194,lakh
1195,lama
1196,lamb
1197,lame
1198,lamp
1199,lams
1200,land
1201,lane
1202,laps
1203,lard
1204,lark
1205,lash
1206,lass
1207,last
1208,late
1209,lath
1210,lats
1211,laud
1212,lava
1213,lave
1214,lawn
1215,laws
1216,lays
1217,laze
1218,lazy
1219,lead
1220,leaf
1221,leak
1222,lean
1223,leap
1224,leas
1225,leek
1226,leer
1227,leet
1228,left
1229,legs
1230,leis
1231,lend
1232,lens
1233,lent
1234,less
1235,lest
1236,levy
1237,lewd
1238,leys
1239,liar
1240,libs
1241,lice
1242,lick
1243,lids
1244,lied
1245,lien
1246,lier
1247,lies
1248,lieu
1249,life
1250,lift
1251,like
1252,lilt
1253,lily
1254,lima
1255,limb
1256,lime
1257,limn
1258,limo
1259,limp
1260,line
1261,ling
1262,link
1263,lint
1264,lion
1265,lips
1266,lira
1267,lisp
1268,list
1269,lite
1270,live
1271,load
1272,loaf
1273,loam
1274,loan
1275,lobe
1276,lobs
1277,loch
1278,lock
1279,loco
1280,lode
1281,loft
1282,loge
1283,logo
1284,logs
1285,loin
1286,loll
1287,lone
1288,long
1289,look
1290,loom
1291,loon
1292,loop
1293,loos
1294,loot
1295,lope
1296,lops
1297,lord
1298,lore
1299,lose
1300,loss
1301,lost
1302,loth
1303,lots
1304,loud
1305,lout
1306,love
1307,lows
1308,luau
1309,lube
1310,luck
1311,luff
1312,luge
1313,lugs
1314,lull
1315,lump
1316,lune
1317,lung
1318,lure
1319,lurk
1320,lush
1321,lust
1322,lute
1323,luvs
1324,lynx
1325,lyre
1326,lyse
1327,mace
1328,mach
1329,mack
1330,macs
1331,made
1332,mage
1333,magi
1334,mags
1335,maid
1336,mail
1337,maim
1338,main
1339,make
1340,maki
1341,mako
1342,male
1343,mall
1344,malt
1345,mama
1346,mane
1347,mans
1348,many
1349,maps
1350,mare
1351,mark
1352,marl
1353,mars
1354,mart
1355,masa
1356,mash
1357,mask
1358,mass
1359,mast
1360,mate
1361,math
1362,mats
1363,maul
1364,maws
1365,maxi
1366,maya
1367,mayo
1368,maze
1369,mazy
1370,mead
1371,meal
1372,mean
1373,meat
1374,meek
1375,meet
1376,mega
1377,meld
1378,melt
1379,memo
1380,mend
1381,menu
1382,meow
1383,mere
1384,mesa
1385,mesh
1386,mess
1387,meta
1388,mete
1389,mewl
1390,mews
1391,meze
1392,mica
1393,mice
1394,mics
1395,mids
1396,mien
1397,mike
1398,mild
1399,mile
1400,milk
1401,mill
1402,mime
1403,mina
1404,mind
1405,mine
1406,mini
1407,mink
1408,mint
1409,minx
1410,mire
1411,miry
1412,mise
1413,miso
1414,miss
1415,mist
1416,mite
1417,mitt
1418,moan
1419,moat
1420,mobs
1421,mock
1422,mode
1423,mods
1424,mojo
1425,mola
1426,mold
1427,mole
1428,moll
1429,molt
1430,moms
1431,monk
1432,mono
1433,mood
1434,mook
1435,moon
1436,moor
1437,moos
1438,moot
1439,mope
1440,mops
1441,more
1442,morn
1443,mosh
1444,moss
1445,most
1446,mote
1447,moth
1448,move
1449,mows
1450,much
1451,muck
1452,muds
1453,muff
1454,mugs
1455,mule
1456,mull
1457,mums
1458,mung
1459,muon
1460,murk
1461,muse
1462,mush
1463,musk
1464,muss
1465,must
1466,mute
1467,mutt
1468,myth
1469,naan
1470,nabe
1471,nabs
1472,naff
1473,nags
1474,nail
1475,name
1476,nana
1477,nans
1478,napa
1479,nape
1480,naps
1481,narc
1482,nard
1483,nary
1484,nave
1485,navy
1486,nays
1487,neap
1488,near
1489,neat
1490,neck
1491,need
1492,neem
1493,nene
1494,neon
1495,nerd
1496,ness
1497,nest
1498,nets
1499,news
1500,newt
1501,next
1502,nibs
1503,nice
1504,nick
1505,nigh
1506,nine
1507,nips
1508,nite
1509,nobs
1510,nock
1511,node
1512,nods
1513,noel
1514,noir
1515,nome
1516,none
1517,nook
1518,noon
1519,nope
1520,nori
1521,norm
1522,nose
1523,nosh
1524,nosy
1525,note
1526,noun
1527,nous
1528,nova
1529,nubs
1530,nude
1531,nuke
1532,null
1533,numb
1534,nuns
1535,nuts
1536,oafs
1537,oaks
1538,oaky
1539,oars
1540,oath
1541,oats
1542,obey
1543,obit
1544,oboe
1545,odds
1546,odes
1547,odor
1548,ogee
1549,ogle
1550,ogre
1551,oils
1552,oily
1553,oink
1554,okay
1555,okra
1556,olds
1557,oldy
1558,oleo
1559,olla
1560,omen
1561,omit
1562,once
1563,ones
1564,only
1565,onto
1566,onus
1567,onyx
1568,oops
1569,ooze
1570,oozy
1571,opal
1572,open
1573,opts
1574,opus
1575,oral
1576,orbs
1577,orca
1578,ordo
1579,ores
1580,orgy
1581,oryx
1582,orzo
1583,otic
1584,otto
1585,ouch
1586,ours
1587,oust
1588,outs
1589,ouzo
1590,oval
1591,oven
1592,over
1593,ovum
1594,owed
1595,owes
1596,owls
1597,owns
1598,pace
1599,pack
1600,pact
1601,pads
1602,page
1603,paid
1604,pail
1605,pain
1606,pair
1607,pale
1608,pall
1609,palm
1610,palp
1611,pals
1612,pane
1613,pang
1614,pans
1615,pant
1616,papa
1617,paps
1618,para
1619,pare
1620,park
1621,pars
1622,part
1623,pass
1624,past
1625,pate
1626,path
1627,pats
1628,pave
1629,pawn
1630,paws
1631,pays
1632,peak
1633,peal
1634,pear
1635,peas
1636,peat
1637,peck
1638,pecs
1639,peds
1640,peed
1641,peek
1642,peel
1643,peep
1644,peer
1645,pees
1646,pegs
1647,pelt
1648,pens
1649,pent
1650,peon
1651,pepo
1652,peri
1653,perk
1654,perm
1655,perp
1656,pert
1657,perv
1658,peso
1659,pest
1660,pets
1661,pews
1662,phew
1663,phis
1664,pica
1665,pice
1666,pick
1667,pics
1668,pied
1669,pier
1670,pies
1671,pigs
1672,pika
1673,pike
1674,pile
1675,pill
1676,pimp
1677,pine
1678,ping
1679,pink
1680,pins
1681,pint
1682,pion
1683,pipa
1684,pipe
1685,pish
1686,piss
1687,pita
1688,pith
1689,pits
1690,pity
1691,pixy
1692,plan
1693,plat
1694,play
1695,plea
1696,pleb
1697,pled
1698,plex
1699,plod
1700,plop
1701,plot
1702,plow
1703,ploy
1704,plug
1705,plum
1706,plus
1707,pock
1708,pods
1709,poem
1710,poet
1711,poke
1712,poky
1713,pole
1714,poll
1715,polo
1716,pols
1717,poly
1718,pome
1719,pomp
1720,pond
1721,pone
1722,pong
1723,pony
1724,poof
1725,pool
1726,poop
1727,poor
1728,pope
1729,pops
1730,pore
1731,pork
1732,porn
1733,port
1734,pose
1735,posh
1736,post
1737,posy
1738,pots
1739,pouf
1740,pour
1741,pout
1742,poxy
1743,pram
1744,pray
1745,prep
1746,prey
1747,prez
1748,prig
1749,prim
1750,prob
1751,prod
1752,prof
1753,prog
1754,prom
1755,prop
1756,pros
1757,prow
1758,psis
1759,pubs
1760,puck
1761,puds
1762,puff
1763,pugs
1764,puja
1765,puke
1766,pull
1767,pulp
1768,puma
1769,pump
1770,punk
1771,puns
1772,punt
1773,puny
1774,pupa
1775,pups
1776,pure
1777,puri
1778,purl
1779,purr
1780,push
1781,puss
1782,puts
1783,putt
1784,putz
1785,pyre
1786,pyro
1787,quad
1788,quay
1789,quid
1790,quip
1791,quit
1792,quiz
1793,race
1794,rack
1795,racy
1796,rads
1797,raft
1798,raga
1799,rage
1800,rags
1801,raid
1802,rail
1803,rain
1804,raja
1805,rake
1806,raki
1807,raku
1808,rale
1809,rami
1810,ramp
1811,rams
1812,rang
1813,rank
1814,rant
1815,rape
1816,raps
1817,rapt
1818,rare
1819,rash
1820,rasp
1821,rate
1822,rath
1823,rats
1824,rave
1825,rays
1826,raze
1827,razz
1828,read
1829,real
1830,ream
1831,reap
1832,rear
1833,redo
1834,reed
1835,reef
1836,reek
1837,reel
1838,refs
1839,rein
1840,rely
1841,rems
1842,rend
1843,rent
1844,repo
1845,repp
1846,reps
1847,rest
1848,rete
1849,rhea
1850,ribs
1851,rice
1852,rich
1853,ride
1854,rids
1855,rife
1856,riff
1857,rift
1858,rigs
1859,rile
1860,rill
1861,rime
1862,rims
1863,rind
1864,ring
1865,rink
1866,riot
1867,ripe
1868,rips
1869,rise
1870,risk
1871,rite
1872,ritz
1873,road
1874,roam
1875,roan
1876,roar
1877,robe
1878,robs
1879,rock
1880,rode
1881,rods
1882,roes
1883,roil
1884,role
1885,roll
1886,romp
1887,roms
1888,rood
1889,roof
1890,rook
1891,room
1892,roos
1893,root
1894,rope
1895,ropy
1896,rose
1897,rosy
1898,rota
1899,rote
1900,roti
1901,roto
1902,rots
1903,rout
1904,roux
1905,rove
1906,rows
1907,rube
1908,rubs
1909,ruby
1910,ruck
1911,rude
1912,rued
1913,rues
1914,ruff
1915,rugs
1916,ruin
1917,rule
1918,rump
1919,rums
1920,rune
1921,rung
1922,runs
1923,runt
1924,ruse
1925,rush
1926,rust
1927,ruth
1928,ruts
1929,sack
1930,sacs
1931,safe
1932,saga
1933,sage
1934,sago
1935,sags
1936,said
1937,sail
1938,sake
1939,saki
1940,sale
1941,salt
1942,same
1943,sand
1944,sane
1945,sang
1946,sank
1947,saps
1948,sari
1949,sash
1950,sass
1951,sate
1952,sati
1953,save
1954,sawn
1955,saws
1956,says
1957,scab
1958,scad
1959,scam
1960,scan
1961,scar
1962,scat
1963,scot
1964,scow
1965,scud
1966,scum
1967,seal
1968,seam
1969,sear
1970,seas
1971,seat
1972,sect
1973,seed
1974,seek
1975,seem
1976,seen
1977,seep
1978,seer
1979,sees
1980,self
1981,sell
1982,semi
1983,send
1984,sent
1985,sept
1986,sere
1987,serf
1988,seta
1989,sets
1990,sett
1991,sewn
1992,sews
1993,sexy
1994,shad
1995,shag
1996,shah
1997,sham
1998,shed
1999,shew
2000,shim
2001,shin
2002,ship
2003,shit
2004,shiv
2005,shod
2006,shoe
2007,shoo
2008,shop
2009,shot
2010,show
2011,shul
2012,shun
2013,shut
2014,sibs
2015,sick
2016,side
2017,sift
2018,sigh
2019,sign
2020,sika
2021,silk
2022,sill
2023,silo
2024,silt
2025,sine
2026,sing
2027,sink
2028,sins
2029,sips
2030,sire
2031,sirs
2032,site
2033,sits
2034,size
2035,skeg
2036,skew
2037,skid
2038,skim
2039,skin
2040,skip
2041,skis
2042,skit
2043,skua
2044,slab
2045,slag
2046,slam
2047,slap
2048,slat
2049,slaw
2050,slay
2051,sled
2052,slew
2053,slid
2054,slim
2055,slip
2056,slit
2057,slob
2058,sloe
2059,slog
2060,slop
2061,slot
2062,slow
2063,slug
2064,slum
2065,slur
2066,smog
2067,smug
2068,smut
2069,snag
2070,snap
2071,snip
2072,snit
2073,snob
2074,snog
2075,snot
2076,snow
2077,snub
2078,snug
2079,soak
2080,soap
2081,soar
2082,soba
2083,sobs
2084,soca
2085,sock
2086,soda
2087,sods
2088,sofa
2089,soft
2090,soil
2091,sold
2092,sole
2093,solo
2094,soma
2095,some
2096,song
2097,sons
2098,soon
2099,soot
2100,sops
2101,sora
2102,sore
2103,sort
2104,sots
2105,souk
2106,soul
2107,soup
2108,sour
2109,sown
2110,sows
2111,soya
2112,spam
2113,span
2114,spar
2115,spas
2116,spat
2117,spay
2118,spaz
2119,spec
2120,sped
2121,spew
2122,spin
2123,spit
2124,spot
2125,spry
2126,spud
2127,spun
2128,spur
2129,stab
2130,stag
2131,star
2132,stat
2133,stay
2134,stem
2135,step
2136,stew
2137,stir
2138,stop
2139,stow
2140,stub
2141,stud
2142,stun
2143,stye
2144,subs
2145,such
2146,suck
2147,sued
2148,sues
2149,suet
2150,suit
2151,sulk
2152,sumo
2153,sump
2154,sums
2155,sung
2156,sunk
2157,suns
2158,sups
2159,sura
2160,sure
2161,surf
2162,suss
2163,swab
2164,swag
2165,swam
2166,swan
2167,swap
2168,swat
2169,sway
2170,swig
2171,swim
2172,swum
2173,sync
2174,tabs
2175,tabu
2176,tach
2177,tack
2178,taco
2179,tact
2180,tags
2181,tail
2182,take
2183,talc
2184,tale
2185,talk
2186,tall
2187,tame
2188,tamp
2189,tang
2190,tank
2191,tans
2192,tapa
2193,tape
2194,taps
2195,tare
2196,tarn
2197,taro
2198,tarp
2199,tars
2200,tart
2201,task
2202,taut
2203,taxa
2204,taxi
2205,teak
2206,teal
2207,team
2208,tear
2209,teas
2210,teat
2211,tech
2212,teem
2213,teen
2214,tees
2215,teff
2216,tele
2217,tell
2218,temp
2219,tend
2220,tent
2221,term
2222,tern
2223,test
2224,text
2225,than
2226,that
2227,thaw
2228,thee
2229,them
2230,then
2231,thew
2232,they
2233,thin
2234,this
2235,thou
2236,thro
2237,thru
2238,thud
2239,thug
2240,thus
2241,tian
2242,tick
2243,tics
2244,tide
2245,tidy
2246,tied
2247,tier
2248,ties
2249,tiff
2250,tiki
2251,tile
2252,till
2253,tilt
2254,time
2255,tine
2256,ting
2257,tins
2258,tint
2259,tiny
2260,tipi
2261,tips
2262,tire
2263,toad
2264,toby
2265,toed
2266,toes
2267,toff
2268,tofu
2269,toga
2270,toil
2271,toke
2272,told
2273,tole
2274,toll
2275,tomb
2276,tome
2277,tone
2278,tong
2279,tony
2280,took
2281,tool
2282,toon
2283,toot
2284,topi
2285,topo
2286,tops
2287,torc
2288,tore
2289,torn
2290,torr
2291,tort
2292,tory
2293,toss
2294,tote
2295,tots
2296,tour
2297,tout
2298,town
2299,tows
2300,toys
2301,tram
2302,trap
2303,tray
2304,tree
2305,trek
2306,trey
2307,trig
2308,trim
2309,trio
2310,trip
2311,trod
2312,trot
2313,tsar
2314,tuba
2315,tube
2316,tubs
2317,tuck
2318,tufa
2319,tuff
2320,tuft
2321,tugs
2322,tule
2323,tums
2324,tuna
2325,tune
2326,turd
2327,turf
2328,turk
2329,turn
2330,tush
2331,tusk
2332,tuts
2333,tutu
2334,twee
2335,twig
2336,twin
2337,twit
2338,twos
2339,tyke
2340,type
2341,typo
2342,tyre
2343,tyro
2344,udon
2345,ugly
2346,ulna
2347,umma
2348,umps
2349,undo
2350,unit
2351,unto
2352,updo
2353,upon
2354,urea
2355,urge
2356,uric
2357,urns
2358,used
2359,user
2360,uses
2361,vacs
2362,vail
2363,vain
2364,vale
2365,vamp
2366,vane
2367,vans
2368,vary
2369,vasa
2370,vase
2371,vast
2372,vats
2373,veal
2374,veep
2375,veer
2376,vees
2377,veil
2378,vein
2379,veld
2380,vena
2381,vend
2382,vent
2383,verb
2384,vert
2385,very
2386,vest
2387,veto
2388,vets
2389,vial
2390,vibe
2391,vice
2392,vids
2393,vied
2394,vies
2395,view
2396,vile
2397,vill
2398,vims
2399,vine
2400,vino
2401,viol
2402,visa
2403,vise
2404,vita
2405,viva
2406,void
2407,vole
2408,volt
2409,vote
2410,vows
2411,wack
2412,wade
2413,wadi
2414,wads
2415,waft
2416,wage
2417,wags
2418,waif
2419,wail
2420,wait
2421,wake
2422,wale
2423,wali
2424,walk
2425,wall
2426,wand
2427,wane
2428,wans
2429,want
2430,ward
2431,ware
2432,warm
2433,warn
2434,warp
2435,wars
2436,wart
2437,wary
2438,wash
2439,wasp
2440,wast
2441,watt
2442,wave
2443,wavy
2444,waxy
2445,ways
2446,weak
2447,weal
2448,wean
2449,wear
2450,webs
2451,weds
2452,weed
2453,week
2454,weel
2455,ween
2456,weep
2457,wees
2458,weft
2459,well
2460,went
2461,were
2462,west
2463,what
2464,when
2465,whom
2466,wide
2467,wife
2468,wild
2469,will
2470,wind
2471,wine
2472,wing
2473,wins
2474,wipe
2475,wire
2476,wise
2477,wish
2478,with
2479,woke
2480,wolf
2481,wood
2482,wool
2483,word
2484,wore
2485,work
2486,worm
2487,worn
2488,wrap
2489,yard
2490,yarn
2491,yeah
2492,year
2493,yoga
2494,your
2495,zero
2496,zinc
2497,zone
2498,zoom
2499,LISA on List of Nouns: A Guide to 600+ Common Nouns in English
2500,tom on Types of Clothing: Useful List of Clothing Names with the Picture
2501,tom on Types of Clothing: Useful List of Clothing Names with the Picture
2502,Madison Garner on List of Prepositions: 100 Important Prepositions in English for ESL Learners!
2503,moneyg on Useful Linking Words for Writing Essays in English
2504,Privacy Policy
2505,Terms of Service
2506,Contact
